# precision,recall,f1-score,auc-value,time
9.995269444553948057e-01
9.997634162690746118e-01
9.996451663775429708e-01
9.998596678669683380e-01
4.271399999999999864e+00
