# precision,recall,f1-score,auc-value,time
9.998816941399163438e-01
9.997634162690746118e-01
9.998225517064611712e-01
9.999999731315166729e-01
1.370256531999999936e+02
