# precision,recall,f1-score,auc-value,time
9.997239965302421316e-01
9.997634162690746118e-01
9.997437060110798690e-01
9.999998890498208448e-01
5.173216630000000293e+01
