# precision,recall,f1-score,auc-value,time
9.999605647133054109e-01
9.998422775127163709e-01
9.999014176147006383e-01
9.999999934096172050e-01
1.510232373000000052e+02
