# precision,recall,f1-score,auc-value,time
8.874266341001056935e-01
9.242890230474237745e-01
9.054828150572832302e-01
9.944376639651192340e-01
4.593801499999999649e+00
