# precision,recall,f1-score,auc-value,time
9.999620248357574681e-01
9.998101530166685347e-01
9.998860831592937259e-01
9.999998813729508162e-01
2.128994489999999828e+01
