# precision,recall,f1-score,auc-value,time
9.999240525556315484e-01
9.998101530166685347e-01
9.998670995424426833e-01
9.999014223789853828e-01
1.657014200000000326e+00
