# precision,recall,f1-score,auc-value,time
9.983686167387509913e-01
9.991646732733416858e-01
9.987664863839073037e-01
9.999955931785557972e-01
3.100748270000000062e+01
