# precision,recall,f1-score,auc-value,time
9.816977091834673264e-01
9.225804001974408086e-01
9.512214218603194382e-01
9.923091513094008942e-01
2.467476786999999945e+02
