# precision,recall,f1-score,auc-value,time
1.000000000000000000e+00
9.985191935300148369e-01
9.992590481618695009e-01
9.999990341954513307e-01
1.355208360000000027e+02
