# precision,recall,f1-score,auc-value,time
8.939951327183202068e-01
5.997645897406690407e-01
7.179021042585101986e-01
9.669845565234552742e-01
6.613376300000000541e+00
