# precision,recall,f1-score,auc-value,time
1.000000000000000000e+00
9.998481224133348721e-01
9.999240554395291136e-01
1.000000000000000000e+00
7.023912909999999954e+01
