# precision,recall,f1-score,auc-value,time
9.984631753162311885e-01
9.990930956981191047e-01
9.987780361858961120e-01
9.999618416117279640e-01
4.366597329999999744e+01
