# precision,recall,f1-score,auc-value,time
9.800652832828165018e-01
9.944797129450730910e-01
9.872198845288188140e-01
9.999125996481851297e-01
2.744197414999999864e+02
