# precision,recall,f1-score,auc-value,time
9.995651314489029104e-01
9.969638421197902778e-01
9.982627921667718285e-01
9.999527710724749330e-01
1.746598465000000147e+02
