# precision,recall,f1-score,auc-value,time
8.941007085211988281e-01
9.304838137297425371e-01
9.119295126946709296e-01
9.952918182128609459e-01
4.163672200000000601e+00
