# precision,recall,f1-score,auc-value,time
9.999211263162045560e-01
9.997634162690746118e-01
9.998422650735439010e-01
9.999751116007766782e-01
3.221008859999999885e+01
