# precision,recall,f1-score,auc-value,time
9.997633789486137790e-01
9.996056937817909827e-01
9.996845301470878020e-01
9.997918267571110906e-01
3.833375899999999170e+00
