# precision,recall,f1-score,auc-value,time
7.996115617502570494e-01
5.519498442490438084e-01
6.530897893484498562e-01
9.408898292923715267e-01
1.584663399999999722e+00
