# precision,recall,f1-score,auc-value,time
1.000000000000000000e+00
9.997239856472536212e-01
9.998619737750172876e-01
9.999999993482038274e-01
8.345458289999999124e+01
