# precision,recall,f1-score,auc-value,time
9.732462041130117703e-01
9.983439138835219495e-01
9.856353161009030472e-01
9.999318473316108902e-01
2.596581825999999751e+02
