# precision,recall,f1-score,auc-value,time
9.548775894538605868e-01
9.996451244036118622e-01
9.767486659860145082e-01
9.999919839944013678e-01
2.251480954999999824e+02

