# precision,recall,f1-score,auc-value,time
9.330941637695095991e-01
9.947951579196403493e-01
9.629573083455790217e-01
9.985362852716556104e-01
6.035454899999999512e+00
