# precision,recall,f1-score,auc-value,time
3.545378509318730664e-01
8.858483498284768221e-01
5.064015868722387959e-01
9.432812042621782078e-01
2.661676899999999790e+00
