# precision,recall,f1-score,auc-value
9.740119944640934779e-01
9.990142344544773456e-01
9.863546999396570758e-01
9.999731878608234537e-01
0.000000000000000000e+00
0.000000000000000000e+00
0.000000000000000000e+00
0.000000000000000000e+00
0.000000000000000000e+00
0.000000000000000000e+00
