# precision,recall,f1-score,auc-value,time
8.936740088105726842e-01
9.998817081345372504e-01
9.437993151704628936e-01
9.999506714924207840e-01
5.167435560000000550e+01
