# precision,recall,f1-score,auc-value,time
9.487275449101796321e-01
9.995662631599699921e-01
9.734836120658205694e-01
9.999262440578774447e-01
4.265472951000000421e+02
