# precision,recall,f1-score,auc-value,time
9.515554054561147224e-01
9.998817081345372504e-01
9.751201691982310793e-01
9.999284459699183669e-01
2.039543877999999779e+02
