# precision,recall,f1-score,auc-value,time
9.243466803308688640e-01
9.958203540869839943e-01
9.587532980278269390e-01
9.980402599726718726e-01
5.127906399999999643e+00
