# precision,recall,f1-score,auc-value,time
9.996846047703528138e-01
9.998422775127163709e-01
9.997634349248905039e-01
9.999998623986030566e-01
5.414780679999999791e+01
