# precision,recall,f1-score,auc-value,time
2.965521588402142972e-01
9.275659477149954535e-01
4.494201707964770587e-01
9.416578252735717802e-01
2.613582900000000375e+00
